ID,Name,Category,Difficulty,Score Profile,Latitude,Longitude,Tolerance (km),Fact,Status,Region,Parish,Alternate Names,Tags,Last Reviewed,Notes,Daily Pool Recommendation,Review Reason
1,Land's End,Headland,1,natural_standard,50.06861,-5.71612,0.5,Land's End is the most westerly point of mainland England.,Live,West Cornwall,,,,,Migrated from the verified live Gold 50 database. Initial score profile assigned automatically; review after tester feedback.,Keep,
2,St Ives,Town,1,settlement_easy,50.21053,-5.48008,1.2,St Ives developed from a fishing port and became famous for its community of artists.,Live,West Cornwall,,,,,Migrated from the verified live Gold 50 database. Initial score profile assigned automatically; review after tester feedback.,Keep,Increase perfect-score radius so a clearly correct tap within the town is not penalised for missing the arbitrary centre point.
3,Newquay,Town,2,settlement_easy,50.41264,-5.07676,1.5,Newquay is one of Cornwall's best-known surfing towns.,Live,Mid Cornwall,,,,,Migrated from the verified live Gold 50 database. Initial score profile assigned automatically; review after tester feedback.,Keep,Increase perfect-score radius so a clearly correct tap within the town is not penalised for missing the arbitrary centre point.
4,St Michael's Mount,Tidal Island,2,natural_standard,50.11611,-5.47882,0.4,A granite causeway connects the island to Marazion when the tide allows.,Live,West Cornwall,,,,,Migrated from the verified live Gold 50 database. Initial score profile assigned automatically; review after tester feedback.,Keep,
5,Lizard Point,Headland,3,natural_standard,49.95992,-5.20615,0.45,Lizard Point is the southernmost point of mainland Great Britain.,Live,Mid Cornwall,,,,,Migrated from the verified live Gold 50 database. Initial score profile assigned automatically; review after tester feedback.,Keep,
6,Eden Project,Attraction,3,landmark_easy,50.36195,-4.7447,0.45,The Eden Project's giant biomes were built in a former china-clay pit.,Live,Mid Cornwall,,,,,Migrated from the verified live Gold 50 database. Initial score profile assigned automatically; review after tester feedback.,Keep,
7,Tintagel Castle,Castle,4,landmark_standard,50.66726,-4.75859,0.35,The castle ruins have been associated with the legends of King Arthur for centuries.,Live,North Cornwall,,,,,Migrated from the verified live Gold 50 database. Initial score profile assigned automatically; review after tester feedback.,Keep,
8,Port Isaac Harbour,Harbour,4,landmark_standard,50.592913,-4.833107,0.4,Port Isaac's narrow streets and harbour have appeared in numerous television productions.,Live,North Cornwall,,,,,Migrated from the verified live Gold 50 database. Initial score profile assigned automatically; review after tester feedback.,Keep,
9,Kynance Cove,Cove,5,natural_standard,49.97455,-5.2303,0.35,Kynance Cove is known for its turquoise water and serpentine rock formations.,Live,Mid Cornwall,,,,,Migrated from the verified live Gold 50 database. Initial score profile assigned automatically; review after tester feedback.,Keep,
10,Minack Theatre,Landmark,5,landmark_standard,50.04118,-5.65105,0.25,The open-air theatre was created by Rowena Cade above the cliffs at Porthcurno.,Live,West Cornwall,,,,,Migrated from the verified live Gold 50 database. Initial score profile assigned automatically; review after tester feedback.,Keep,
11,Charlestown Harbour,Harbour,6,landmark_standard,50.33288,-4.75863,0.35,Charlestown's Georgian harbour was built to support Cornwall's copper and china-clay industries.,Live,Mid Cornwall,,,,,Migrated from the verified live Gold 50 database. Initial score profile assigned automatically; review after tester feedback.,Keep,
12,Boscastle Harbour,Harbour,6,landmark_standard,50.69036,-4.69337,0.35,"Boscastle's harbour lies at the end of a long, narrow natural inlet.",Live,North Cornwall,,,,,Migrated from the verified live Gold 50 database. Initial score profile assigned automatically; review after tester feedback.,Keep,
13,Rame Head,Headland,7,natural_remote,50.31672,-4.22075,0.4,A medieval chapel stands on the prominent headland overlooking Plymouth Sound.,Live,East Cornwall,,,,,Migrated from the verified live Gold 50 database. Initial score profile assigned automatically; review after tester feedback.,Keep,
14,Trevose Head Lighthouse,Lighthouse,7,landmark_standard,50.549402,-5.034583,0.3,The lighthouse marks the headland between Constantine Bay and Mother Ivey's Bay.,Live,North Cornwall,,,,,Migrated from the verified live Gold 50 database. Initial score profile assigned automatically; review after tester feedback.,Keep,
15,Rough Tor,Natural Feature,8,natural_remote,50.59735168,-4.621755,0.35,Rough Tor is Cornwall's second-highest summit and contains extensive prehistoric remains.,Live,North Cornwall,,,,,Migrated from the verified live Gold 50 database. Initial score profile assigned automatically; review after tester feedback.,Keep,
16,Brown Willy,Natural Feature,7,natural_remote,50.590717,-4.602256,0.35,"At 420 metres, Brown Willy is the highest point in Cornwall.",Live,North Cornwall,,,,,Migrated from the verified live Gold 50 database. Initial score profile assigned automatically; review after tester feedback.,Keep,
17,Mên-an-Tol,Prehistoric Monument,9,landmark_remote,50.158527,-5.604524,0.25,The monument's Cornish name means 'the holed stone'.,Live,West Cornwall,,,,,Migrated from the verified live Gold 50 database. Initial score profile assigned automatically; review after tester feedback.,Keep / monitor,"Keep for now: distinctive and culturally recognisable, but monitor real-player scores."
18,Carn Brea Castle,Historic Building,9,landmark_remote,50.22252116,-5.24472423,0.3,The castle sits among the granite outcrops near the summit of Carn Brea.,Live,Mid Cornwall,,,,,Migrated from the verified live Gold 50 database. Initial score profile assigned automatically; review after tester feedback.,Keep,
19,St Anthony Head Lighthouse,Lighthouse,6,landmark_standard,50.141313,-5.015565,0.25,The lighthouse guards the eastern side of the entrance to Carrick Roads.,Live,Mid Cornwall,,,,,Migrated from the verified live Gold 50 database. Initial score profile assigned automatically; review after tester feedback.,Keep,
20,Lanyon Quoit,Prehistoric Monument,10,landmark_remote,50.147419,-5.598915,0.25,Lanyon Quoit is a prehistoric chambered tomb with a huge granite capstone.,Live,West Cornwall,,,,,Migrated from the verified live Gold 50 database. Initial score profile assigned automatically; review after tester feedback.,Practice only,Individual quoit is specialist archaeological knowledge; tester feedback suggests it feels arbitrary rather than satisfyingly difficult.
21,Padstow Harbour,Harbour,1,landmark_easy,50.541594,-4.93763,0.45,Padstow stands on the western side of the Camel Estuary and has a long fishing tradition.,Live,North Cornwall,,,,,Migrated from the verified live Gold 50 database. Initial score profile assigned automatically; review after tester feedback.,Keep,
22,Falmouth Harbour,Harbour,1,landmark_easy,50.1544,-5.0649,0.65,Falmouth grew around one of the world's deepest natural harbours.,Live,Mid Cornwall,,,,,Migrated from the verified live Gold 50 database. Initial score profile assigned automatically; review after tester feedback.,Keep,
23,Penzance Harbour,Harbour,1,landmark_easy,50.118403,-5.531071,0.65,Penzance overlooks Mount's Bay and is the western terminus of the Cornish Main Line.,Live,West Cornwall,,,,,Migrated from the verified live Gold 50 database. Initial score profile assigned automatically; review after tester feedback.,Keep,
24,Bude Sea Pool,Landmark,2,landmark_easy,50.83262,-4.554059,0.35,Bude Sea Pool is a semi-natural tidal swimming pool beneath the cliffs at Summerleaze Beach.,Live,East Cornwall,,,,,Migrated from the verified live Gold 50 database. Initial score profile assigned automatically; review after tester feedback.,Keep,
25,Looe Harbour,Harbour,2,landmark_easy,50.3537,-4.4542,0.45,East and West Looe stand on opposite sides of the River Looe.,Live,East Cornwall,,,,,Migrated from the verified live Gold 50 database. Initial score profile assigned automatically; review after tester feedback.,Keep,
26,Truro Cathedral,Historic Building,2,landmark_easy,50.264142,-5.051244,0.35,Truro Cathedral has three spires and was completed during the late nineteenth and early twentieth centuries.,Live,Mid Cornwall,,,,,Migrated from the verified live Gold 50 database. Initial score profile assigned automatically; review after tester feedback.,Keep,
27,Fowey Harbour,Harbour,3,landmark_easy,50.3343,-4.6359,0.4,Fowey developed around the deep natural harbour at the mouth of the River Fowey.,Live,Mid Cornwall,,,,,Migrated from the verified live Gold 50 database. Initial score profile assigned automatically; review after tester feedback.,Keep,
28,Perranporth Beach,Beach,3,natural_standard,50.349542,-5.15926,0.55,Perranporth Beach stretches for several kilometres along Cornwall's north coast.,Live,Mid Cornwall,,,,,Migrated from the verified live Gold 50 database. Initial score profile assigned automatically; review after tester feedback.,Keep,
29,Pendennis Castle,Castle,3,landmark_easy,50.146261,-5.046244,0.35,Pendennis Castle was built by Henry VIII to defend the entrance to Carrick Roads.,Live,Mid Cornwall,,,,,Migrated from the verified live Gold 50 database. Initial score profile assigned automatically; review after tester feedback.,Keep,
30,Mousehole Harbour,Harbour,4,landmark_standard,50.082966,-5.537929,0.35,Mousehole is a historic fishing village on the western side of Mount's Bay.,Live,West Cornwall,,,,,Migrated from the verified live Gold 50 database. Initial score profile assigned automatically; review after tester feedback.,Keep,
31,Polperro Harbour,Harbour,4,landmark_standard,50.331374,-4.517216,0.35,Polperro's tightly packed cottages surround a small fishing harbour at the mouth of the River Pol.,Live,East Cornwall,,,,,Migrated from the verified live Gold 50 database. Initial score profile assigned automatically; review after tester feedback.,Keep,
32,Mevagissey Harbour,Harbour,4,landmark_standard,50.2696,-4.786,0.4,Mevagissey's inner and outer harbours support both fishing boats and pleasure craft.,Live,Mid Cornwall,,,,,Migrated from the verified live Gold 50 database. Initial score profile assigned automatically; review after tester feedback.,Keep,
33,Sennen Cove,Cove,5,natural_standard,50.080022,-5.696658,0.4,Sennen Cove lies close to Land's End and is known for its broad surfing beach.,Live,West Cornwall,,,,,Migrated from the verified live Gold 50 database. Initial score profile assigned automatically; review after tester feedback.,Keep,
34,Porthcurno Beach,Beach,5,natural_standard,50.043128,-5.650036,0.35,Porthcurno was once an important landing point for international submarine telegraph cables.,Live,West Cornwall,,,,,Migrated from the verified live Gold 50 database. Initial score profile assigned automatically; review after tester feedback.,Keep,
35,Bedruthan Steps,Natural Feature,5,natural_standard,50.484473,-5.03376,0.45,Bedruthan Steps is known for its dramatic line of offshore sea stacks.,Live,Mid Cornwall,,,,,Migrated from the verified live Gold 50 database. Initial score profile assigned automatically; review after tester feedback.,Keep,
36,Wheal Coates,Historic Building,7,landmark_standard,50.305452,-5.23165,0.3,The Towanroath engine house at Wheal Coates stands dramatically above the north Cornish coast.,Live,Mid Cornwall,,,,,Migrated from the verified live Gold 50 database. Initial score profile assigned automatically; review after tester feedback.,Keep,
37,Geevor Tin Mine,Historic Building,7,landmark_standard,50.152376,-5.675441,0.35,Geevor was one of the last working tin mines in Cornwall before closing in 1990.,Live,West Cornwall,,,,,Migrated from the verified live Gold 50 database. Initial score profile assigned automatically; review after tester feedback.,Keep,
38,Levant Mine,Historic Building,7,landmark_standard,50.152473,-5.684176,0.3,Levant Mine is home to a restored nineteenth-century beam engine.,Live,West Cornwall,,,,,Migrated from the verified live Gold 50 database. Initial score profile assigned automatically; review after tester feedback.,Keep,
39,Godrevy Lighthouse,Lighthouse,5,landmark_standard,50.242433,-5.399948,0.3,Godrevy Lighthouse stands on an island near the eastern side of St Ives Bay.,Live,West Cornwall,,,,,Migrated from the verified live Gold 50 database. Initial score profile assigned automatically; review after tester feedback.,Keep,
40,St Mawes Castle,Castle,5,landmark_standard,50.155544,-5.023619,0.3,St Mawes Castle was built to work with Pendennis Castle in defending Carrick Roads.,Live,Mid Cornwall,,,,,Migrated from the verified live Gold 50 database. Initial score profile assigned automatically; review after tester feedback.,Keep,
41,Restormel Castle,Castle,5,landmark_standard,50.4219,-4.670337,0.3,Restormel Castle is notable for its unusually circular layout.,Live,Mid Cornwall,,,,,Migrated from the verified live Gold 50 database. Initial score profile assigned automatically; review after tester feedback.,Keep,
42,The Cheesewring,Natural Feature,8,natural_remote,50.525403,-4.459114,0.3,The Cheesewring is a naturally formed stack of granite slabs on Bodmin Moor.,Live,East Cornwall,,,,,Migrated from the verified live Gold 50 database. Initial score profile assigned automatically; review after tester feedback.,Keep,
43,Golitha Falls,Natural Feature,8,natural_remote,50.489742,-4.503691,0.4,"At Golitha Falls, the River Fowey tumbles through a wooded valley over a series of cascades.",Live,East Cornwall,,,,,Migrated from the verified live Gold 50 database. Initial score profile assigned automatically; review after tester feedback.,Keep,
44,Dozmary Pool,Natural Feature,8,natural_remote,50.542343,-4.549611,0.4,Dozmary Pool is traditionally associated with the Arthurian legend of Excalibur.,Live,East Cornwall,,,,,Migrated from the verified live Gold 50 database. Initial score profile assigned automatically; review after tester feedback.,Keep,
45,Trethevy Quoit,Prehistoric Monument,9,landmark_remote,50.493215,-4.455479,0.25,Trethevy Quoit is a large Neolithic chambered tomb supported by upright stones.,Live,East Cornwall,,,,,Migrated from the verified live Gold 50 database. Initial score profile assigned automatically; review after tester feedback.,Practice only,Individual quoit is specialist archaeological knowledge; better suited to Practice than the mainstream Daily pool.
46,King Doniert's Stone,Prehistoric Monument,10,landmark_remote,50.492921,-4.487748,0.25,The monument includes an inscribed stone linked to the ninth-century Cornish king Dungarth.,Live,East Cornwall,,,,,Migrated from the verified live Gold 50 database. Initial score profile assigned automatically; review after tester feedback.,Practice only,Very specialist named monument with little geographic clue value for the average player.
47,Dupath Well,Historic Building,10,landmark_remote,50.50018,-4.292663,0.25,Dupath Well is enclosed by a medieval granite well house.,Live,East Cornwall,,,,,Migrated from the verified live Gold 50 database. Initial score profile assigned automatically; review after tester feedback.,Practice only,Very specialist historic site; difficult because of obscurity rather than Cornwall geography.
48,The Hurlers,Prehistoric Monument,8,landmark_remote,50.516629,-4.457947,0.3,The Hurlers consists of three prehistoric stone circles arranged in a line.,Live,East Cornwall,,,,,Migrated from the verified live Gold 50 database. Initial score profile assigned automatically; review after tester feedback.,Keep,
49,St Piran's Oratory,Historic Building,10,landmark_remote,50.365024,-5.138931,0.25,"The buried oratory is traditionally associated with Saint Piran, Cornwall's patron saint.",Live,Mid Cornwall,,,,,Migrated from the verified live Gold 50 database. Initial score profile assigned automatically; review after tester feedback.,Keep / monitor,Keep for now because of Cornish significance; monitor whether difficulty feels rewarding.
50,Chûn Quoit,Prehistoric Monument,10,landmark_remote,50.148635,-5.637494,0.25,Chûn Quoit is one of Cornwall's best-preserved Neolithic chambered tombs.,Live,West Cornwall,,,,,Migrated from the verified live Gold 50 database. Initial score profile assigned automatically; review after tester feedback.,Practice only,Individual quoit is specialist archaeological knowledge; better suited to Practice than the mainstream Daily pool.
51,Porthleven,Town,2,settlement_easy,50.0862,-5.3152,0.9,"Porthleven grew around Cornwall's most southerly working harbour, protected by massive granite walls.",Live,West Cornwall,Porthleven,,settlement; harbour; south coast,06/08/2026,Candidate town-centre/harbour pin. Check the green marker in developer mode before changing Status to Live. Marker and clue checked in local batch-test mode.,Keep,Increase perfect-score radius so a clearly correct tap within the town is not penalised for missing the arbitrary centre point.
52,Marazion,Town,2,settlement_easy,50.125,-5.474,0.8,Marazion overlooks St Michael's Mount and is one of Cornwall's oldest chartered towns.,Live,West Cornwall,Marazion,,settlement; Mount's Bay; south coast,06/08/2026,Candidate town-centre pin. Check the green marker in developer mode before changing Status to Live. Marker and clue checked in local batch-test mode.,Keep,Increase perfect-score radius so a clearly correct tap within the town is not penalised for missing the arbitrary centre point.
53,Coverack,Village,4,settlement_standard,50.0235,-5.0968,0.6,Coverack is a fishing village on the Lizard Peninsula with a distinctive curved harbour.,Live,Mid Cornwall,St Keverne,,settlement; fishing village; Lizard Peninsula,06/08/2026,Candidate village/harbour pin. Check the green marker in developer mode before changing Status to Live. Marker and clue checked in local batch-test mode.,Keep,Modest settlement tolerance increase so a tap clearly inside the village can still earn a bullseye.
54,Cadgwith,Village,5,settlement_standard,49.9877,-5.1809,0.6,Cadgwith is a traditional fishing village where boats are still hauled onto the beach.,Live,Mid Cornwall,Grade-Ruan,,settlement; fishing village; Lizard Peninsula,06/08/2026,Candidate village-centre/beach pin. Check the green marker in developer mode before changing Status to Live. Marker and clue checked in local batch-test mode.,Keep,Modest settlement tolerance increase so a tap clearly inside the village can still earn a bullseye.
55,Lostwithiel,Town,3,settlement_easy,50.407,-4.6702,0.8,Lostwithiel was an important medieval centre and once hosted the administration of the Duchy of Cornwall.,Live,Mid Cornwall,Lostwithiel,,settlement; medieval; River Fowey,06/08/2026,Candidate town-centre pin. Check the green marker in developer mode before changing Status to Live. Marker and clue checked in local batch-test mode.,Keep,Increase perfect-score radius so a clearly correct tap within the town is not penalised for missing the arbitrary centre point.
56,Wadebridge,Town,2,settlement_easy,50.517,-4.835,1,Wadebridge spans the River Camel and lies on the popular Camel Trail.,Live,North Cornwall,Wadebridge,,settlement; River Camel; Camel Trail,06/08/2026,Candidate town-centre pin. Check the green marker in developer mode before changing Status to Live. Marker and clue checked in local batch-test mode.,Keep,Increase perfect-score radius so a clearly correct tap within the town is not penalised for missing the arbitrary centre point.
57,Helston,Town,2,settlement_easy,50.1,-5.273,1.2,Helston is famous for the annual Flora Day celebration and its traditional Furry Dance.,Live,West Cornwall,Helston,,settlement; market town; Flora Day,06/08/2026,Candidate town-centre pin. Check the green marker in developer mode before changing Status to Live. Marker and clue checked in local batch-test mode.,Keep,Increase perfect-score radius so a clearly correct tap within the town is not penalised for missing the arbitrary centre point.
58,Royal Albert Bridge,Bridge,6,landmark_standard,50.4073,-4.2046,0.3,Brunel's Royal Albert Bridge carries the railway across the Tamar between Cornwall and Devon.,Live,East Cornwall,Saltash,,bridge; railway; Brunel; River Tamar,06/08/2026,Candidate bridge-centre pin. Check the green marker in developer mode before changing Status to Live. Marker and clue checked in local batch-test mode.,Keep,
59,Cotehele House,Historic House,9,landmark_remote,50.4956,-4.2244,0.3,"Cotehele is a Tudor house above the River Tamar, preserved with many original interiors.",Live,East Cornwall,Calstock,Cotehele,historic house; Tudor; National Trust; Tamar Valley,06/08/2026,Candidate house pin. Check the green marker in developer mode before changing Status to Live. Marker and clue checked in local batch-test mode. Difficulty increased to 9 after play-testing; Cotehele was particularly difficult to place.,Keep,
60,Cape Cornwall,Headland,6,natural_standard,50.1273,-5.7085,0.35,Cape Cornwall is the point where two stretches of the Atlantic coast appear to meet.,Live,West Cornwall,St Just,Kilgoodh Ust,headland; coast; West Penwith,06/08/2026,Candidate headland/monument pin. Check the green marker in developer mode before changing Status to Live. Marker and clue checked in local batch-test mode.,Keep,
61,St Agnes,Village,3,settlement_easy,50.3128,-5.2046,0.6,St Agnes grew around tin mining and sits beneath the prominent St Agnes Beacon.,Live,Mid Cornwall,St Agnes,Aganas,settlement; mining; north coast,,Candidate village-centre pin. Check in batch-test mode before changing Status to Live.,Keep,Modest settlement tolerance increase so a tap clearly inside the village can still earn a bullseye.
62,Mullion,Village,4,settlement_standard,50.0275,-5.242,0.7,Mullion is the largest village on the Lizard Peninsula and lies close to a dramatic harbour cove.,Live,West Cornwall,Mullion,Melin,settlement; Lizard Peninsula; south coast,,Candidate village-centre pin. Check in batch-test mode before changing Status to Live.,Keep,Modest settlement tolerance increase so a tap clearly inside the village can still earn a bullseye.
63,Hayle,Town,2,settlement_easy,50.185,-5.42,1.3,Hayle developed around an estuary and became a major centre for mining-engine manufacture.,Live,West Cornwall,Hayle,Heyl,settlement; estuary; industrial heritage,,Candidate town-centre pin. Check in batch-test mode before changing Status to Live.,Keep,Increase perfect-score radius so a clearly correct tap within the town is not penalised for missing the arbitrary centre point.
64,Redruth,Town,3,settlement_easy,50.233,-5.226,1.2,Redruth expanded rapidly during Cornwall's nineteenth-century mining boom.,Live,West Cornwall,Redruth,Resrudh,settlement; mining; market town,,Candidate town-centre pin. Check in batch-test mode before changing Status to Live.,Keep,Increase perfect-score radius so a clearly correct tap within the town is not penalised for missing the arbitrary centre point.
65,Bodmin,Town,2,settlement_easy,50.4715,-4.7243,1.2,Bodmin is one of Cornwall's oldest towns and was once the county town.,Live,Mid Cornwall,Bodmin,Bosvenegh,settlement; market town; inland,,Candidate town-centre pin. Check in batch-test mode before changing Status to Live.,Keep,Increase perfect-score radius so a clearly correct tap within the town is not penalised for missing the arbitrary centre point.
66,Liskeard,Town,2,settlement_easy,50.454,-4.465,1.2,Liskeard is a historic market town and a gateway to southeast Cornwall and Bodmin Moor.,Live,East Cornwall,Liskeard,Lyskerrys,settlement; market town; southeast Cornwall,,Candidate town-centre pin. Check in batch-test mode before changing Status to Live.,Keep,Increase perfect-score radius so a clearly correct tap within the town is not penalised for missing the arbitrary centre point.
67,Launceston,Town,2,settlement_easy,50.636,-4.36,1.1,Launceston was Cornwall's historic county town and is dominated by its hilltop castle.,Live,East Cornwall,Launceston,Lannstevan,settlement; castle town; east Cornwall,,Candidate town-centre pin. Check in batch-test mode before changing Status to Live.,Keep,Increase perfect-score radius so a clearly correct tap within the town is not penalised for missing the arbitrary centre point.
68,Treffry Viaduct,Railway Heritage,9,landmark_remote,50.382625,-4.735048,0.3,Treffry Viaduct carried both a railway and a water channel through the Luxulyan Valley.,Live,Mid Cornwall,Luxulyan,Luxulyan Viaduct,railway; industrial heritage; viaduct; Luxulyan Valley,,Candidate viaduct-centre pin. Check in batch-test mode before changing Status to Live.,Keep,
69,Wheal Martyn,Mining Heritage,8,landmark_remote,50.364417,-4.805876,0.35,Wheal Martyn tells the story of Cornwall's china-clay industry at a former working clay site.,Live,Mid Cornwall,Treverbyn,Wheal Martyn Clay Works,china clay; industrial heritage; museum,,Candidate visitor-site pin. Check in batch-test mode before changing Status to Live.,Keep,
70,Loe Pool,Natural Feature,8,natural_remote,50.076027,-5.290069,1.1,"Loe Pool is Cornwall's largest natural freshwater lake, separated from the sea by Loe Bar.",Live,West Cornwall,,The Loe,lake; natural feature; Loe Bar,,Candidate central-lake pin. Confirm the preferred target point and parish during batch testing.,Keep,
71,Camelford,Town,4,settlement_standard,50.622874,-4.678908,0.8,Camelford is a small market town on the River Camel near the northwestern edge of Bodmin Moor.,Live,North Cornwall,Camelford,,settlement; market town; River Camel; Bodmin Moor,,"Candidate town-centre pin. Check in batch-test mode before changing Status to Live. Coordinate source: https://gazetteer.org.uk/place/Camelford,_Cornwall_7660",Keep,Increase perfect-score radius so a clearly correct tap within the town is not penalised for missing the arbitrary centre point.
72,Callington,Town,4,settlement_standard,50.503046,-4.315863,1,Callington is a market town in the Tamar Valley beneath Kit Hill.,Live,East Cornwall,Callington,,settlement; market town; Tamar Valley; Kit Hill,,"Candidate town-centre pin. Check in batch-test mode before changing Status to Live. Coordinate source: https://gazetteer.org.uk/place/Callington,_Cornwall_7580",Keep,Increase perfect-score radius so a clearly correct tap within the town is not penalised for missing the arbitrary centre point.
73,Saltash,Town,2,settlement_easy,50.4087,-4.2112,1.4,Saltash stands beside the River Tamar and is often described as the gateway to Cornwall.,Live,East Cornwall,Saltash,,settlement; River Tamar; gateway to Cornwall,,Candidate town-centre pin. Check in batch-test mode before changing Status to Live. Coordinate source: https://mapcarta.com/Saltash,Keep,Increase perfect-score radius so a clearly correct tap within the town is not penalised for missing the arbitrary centre point.
74,St Austell,Town,2,settlement_easy,50.3381,-4.7942,1.5,St Austell grew rapidly with the expansion of Cornwall's china-clay industry.,Live,Mid Cornwall,St Austell,,settlement; china clay; market town,,Candidate town-centre pin. Check in batch-test mode before changing Status to Live. Coordinate source: https://mapcarta.com/St_Austell,Keep,Increase perfect-score radius so a clearly correct tap within the town is not penalised for missing the arbitrary centre point.
75,Camborne,Town,3,settlement_easy,50.21388,-5.29904,1.2,Camborne became a major centre of Cornish mining and engineering during the Industrial Revolution.,Live,West Cornwall,Camborne,,settlement; mining; engineering; industrial heritage,,Candidate town-centre pin. Check in batch-test mode before changing Status to Live. Coordinate source: https://mapcarta.com/17653568,Keep,Increase perfect-score radius so a clearly correct tap within the town is not penalised for missing the arbitrary centre point.
76,Newlyn,Town,3,settlement_easy,50.1063,-5.5495,0.9,Newlyn is a major fishing port and gave its name to the influential Newlyn School of artists.,Live,West Cornwall,Penzance,,settlement; fishing port; Newlyn School; Mount's Bay,,Candidate town-centre pin. Check in batch-test mode before changing Status to Live. Coordinate source: https://mapcarta.com/Newlyn,Keep,Increase perfect-score radius so a clearly correct tap within the town is not penalised for missing the arbitrary centre point.
77,St Just,Town,4,settlement_standard,50.124401,-5.679774,0.9,St Just is the most westerly town in mainland Britain and lies within the historic mining landscape of West Penwith.,Live,West Cornwall,St Just,,settlement; mining; West Penwith; western Cornwall,,Candidate town-centre pin. Check in batch-test mode before changing Status to Live. Coordinate source: https://mapcarta.com/26934980,Keep,Increase perfect-score radius so a clearly correct tap within the town is not penalised for missing the arbitrary centre point.
78,St Keverne,Village,5,settlement_standard,50.0494,-5.08933,0.6,St Keverne is a large village on the Lizard Peninsula with a spacious central square.,Live,Mid Cornwall,St Keverne,,settlement; village; Lizard Peninsula,,Candidate village-centre pin. Check in batch-test mode before changing Status to Live. Coordinate source: https://www.getthedata.com/st-keverne/where-is-st-keverne,Keep,Modest settlement tolerance increase so a tap clearly inside the village can still earn a bullseye.
79,St Neot,Village,7,settlement_standard,50.482222,-4.558889,0.6,St Neot is a moorland-edge village known for the medieval stained glass in its parish church.,Live,East Cornwall,St Neot,,settlement; village; Bodmin Moor; stained glass,,Candidate village-centre pin. Check in batch-test mode before changing Status to Live. Coordinate source: https://www.britishplacenames.uk/st-neot-cornwall-sx185678/maps,Keep,Modest settlement tolerance increase so a tap clearly inside the village can still earn a bullseye.
80,Jamaica Inn,Landmark,6,landmark_standard,50.56234,-4.56673,0.3,Jamaica Inn is an eighteenth-century coaching inn on Bodmin Moor made famous by Daphne du Maurier's novel.,Live,East Cornwall,Altarnun,,landmark; inn; Bodmin Moor; Daphne du Maurier,,Candidate building-centre pin. Check in batch-test mode before changing Status to Live. Coordinate source: https://mapcarta.com/N429194826,Keep,
81,Portreath,Village,4,settlement_standard,50.26088,-5.28968,0.7,Portreath developed around a small harbour that once exported copper ore and imported coal.,Live,West Cornwall,Portreath,,settlement; harbour village; mining heritage; north coast,,Candidate village-centre pin. Check in batch-test mode before changing Status to Live. Coordinate source: https://mapcarta.com/17625692,Keep,Modest settlement tolerance increase so a tap clearly inside the village can still earn a bullseye.
82,St Columb Major,Town,4,settlement_standard,50.4345,-4.9402,0.9,St Columb Major is an historic market town associated with the traditional Cornish hurling game.,Live,North Cornwall,St Columb Major,,settlement; market town; hurling; north Cornwall,,Candidate town-centre pin. Check in batch-test mode before changing Status to Live. Coordinate source: https://mapcarta.com/St_Columb_Major,Keep,Increase perfect-score radius so a clearly correct tap within the town is not penalised for missing the arbitrary centre point.
83,Gunnislake,Village,6,settlement_standard,50.52388,-4.21619,0.7,Gunnislake is a Tamar Valley village with a long history connected to mining and river transport.,Live,East Cornwall,Calstock,,settlement; Tamar Valley; mining heritage; river,,Candidate village-centre pin. Check in batch-test mode before changing Status to Live. Coordinate source: https://mapcarta.com/17641196,Keep,Modest settlement tolerance increase so a tap clearly inside the village can still earn a bullseye.
84,Kilkhampton,Village,8,settlement_standard,50.87599,-4.48187,0.6,"Kilkhampton is a large village near Cornwall's northern border, a few miles inland from Bude.",Live,East Cornwall,Kilkhampton,,settlement; village; north Cornwall; Bude area,,Candidate village-centre pin. Check in batch-test mode before changing Status to Live. Coordinate source: https://mapcarta.com/17636988,Keep,Modest settlement tolerance increase so a tap clearly inside the village can still earn a bullseye.
85,Polruan,Village,5,settlement_standard,50.3286,-4.63458,0.6,Polruan is a steep-sided village opposite Fowey at the mouth of the River Fowey.,Live,Mid Cornwall,Lanteglos-by-Fowey,,settlement; village; River Fowey; south coast,,Candidate village-centre pin. Check in batch-test mode before changing Status to Live. Coordinate source: https://mapcarta.com/17625980,Keep,Modest settlement tolerance increase so a tap clearly inside the village can still earn a bullseye.
86,Crantock,Village,6,settlement_standard,50.40162,-5.11012,0.7,"Crantock is a coastal village southwest of Newquay, close to a broad sandy beach and tidal estuary.",Live,Mid Cornwall,Crantock,,settlement; village; coast; estuary,,Candidate village-centre pin. Check in batch-test mode before changing Status to Live. Coordinate source: https://mapcarta.com/17649830,Keep,Modest settlement tolerance increase so a tap clearly inside the village can still earn a bullseye.
87,Constantine (village),Village,9,settlement_standard,50.11888,-5.17496,0.7,"Constantine is a large village west of Falmouth, surrounded by wooded valleys and farmland.",Live,Mid Cornwall,Constantine,,settlement; village; Falmouth area; inland,,Candidate village-centre pin. Check in batch-test mode before changing Status to Live. Coordinate source: https://mapcarta.com/17650546,Keep,Modest settlement tolerance increase so a tap clearly inside the village can still earn a bullseye.
88,Zennor,Village,7,settlement_standard,50.1919,-5.5674,0.6,Zennor is a small West Penwith village known for the legend of the Mermaid of Zennor.,Live,West Cornwall,Zennor,Sen Senara,settlement; village; West Penwith; folklore,,Candidate village-centre pin. Check in batch-test mode before changing Status to Live. Coordinate source: https://mapcarta.com/Zennor,Keep,Modest settlement tolerance increase so a tap clearly inside the village can still earn a bullseye.
89,Millbrook,Village,7,settlement_standard,50.34715,-4.2169,0.7,Millbrook is a large village on the Rame Peninsula beside a tidal lake connected to the Tamar estuary.,Live,East Cornwall,Millbrook,,settlement; village; Rame Peninsula; tidal lake,,Candidate village-centre pin. Check in batch-test mode before changing Status to Live. Coordinate source: https://mapcarta.com/17630730,Keep,Modest settlement tolerance increase so a tap clearly inside the village can still earn a bullseye.
90,Roche Rock,Landmark,7,landmark_remote,50.402,-4.8283,0.3,Roche Rock is a dramatic granite outcrop crowned by the ruins of a medieval chapel.,Live,Mid Cornwall,Roche,"St Michael's Chapel, Roche Rock",landmark; chapel; granite outcrop; medieval,,Candidate rock/chapel pin. Check in batch-test mode before changing Status to Live. Coordinate source: https://mapcarta.com/N687857460,Keep,
91,Perranuthnoe,Village,7,settlement_standard,50.11553,-5.44431,0.6,"Perranuthnoe is a coastal village overlooking Mount's Bay, close to St Michael's Mount.",Live,West Cornwall,Perranuthnoe,,settlement; village; Mount's Bay; south coast,,Candidate village-centre pin. Check in batch-test mode before changing Status to Live. Coordinate source: https://mapcarta.com/17626410,Keep,Modest settlement tolerance increase so a tap clearly inside the village can still earn a bullseye.
92,Gwithian,Village,6,settlement_standard,50.22088,-5.3858,0.6,Gwithian is a small coastal village overlooking St Ives Bay and the dunes of Gwithian Towans.,Live,West Cornwall,Gwinear-Gwithian,,settlement; village; St Ives Bay; north coast,,Candidate village-centre pin. Check in batch-test mode before changing Status to Live. Coordinate source: https://mapcarta.com/17641128,Keep,Modest settlement tolerance increase so a tap clearly inside the village can still earn a bullseye.
93,St Germans,Village,6,settlement_standard,50.3951,-4.3113,0.6,St Germans stands above the River Tiddy and was once the seat of a medieval Cornish bishopric.,Live,East Cornwall,St Germans,,settlement; village; River Tiddy; east Cornwall,,Candidate village-centre pin. Check in batch-test mode before changing Status to Live. Coordinate source: https://mapcarta.com/26934976,Keep,Modest settlement tolerance increase so a tap clearly inside the village can still earn a bullseye.
94,Altarnun,Village,7,settlement_standard,50.6034,-4.51174,0.6,"Altarnun lies on the edge of Bodmin Moor and is known for St Nonna's Church, the Cathedral of the Moor.",Live,East Cornwall,Altarnun,Altarnon,settlement; village; Bodmin Moor; church,,Candidate village-centre pin. Check in batch-test mode before changing Status to Live. Coordinate source: https://mapcarta.com/17660518,Keep,Modest settlement tolerance increase so a tap clearly inside the village can still earn a bullseye.
95,Flushing,Village,6,settlement_standard,50.16542,-5.07023,0.7,Flushing faces Falmouth across the Penryn River and developed as a riverside maritime village.,Live,Mid Cornwall,Mylor,,settlement; village; Carrick Roads; maritime,,Candidate village-centre pin. Check in batch-test mode before changing Status to Live. Coordinate source: https://mapcarta.com/17644220,Keep,Modest settlement tolerance increase so a tap clearly inside the village can still earn a bullseye.
96,St Day,Village,6,settlement_standard,50.2393,-5.18488,0.6,St Day grew within the heart of Cornwall's historic copper- and tin-mining district.,Live,West Cornwall,St Day,Sen Day,settlement; village; mining heritage; Gwennap,,Candidate village-centre pin. Check in batch-test mode before changing Status to Live. Coordinate source: https://mapcarta.com/17623316,Keep,Modest settlement tolerance increase so a tap clearly inside the village can still earn a bullseye.
97,Hugh Town,Town,8,settlement_standard,49.91456,-6.31536,0.8,Hugh Town is the largest settlement and administrative centre of the Isles of Scilly.,Live,Isles of Scilly,St Mary's,,settlement; town; St Mary's; Isles of Scilly,,Candidate town-centre pin. Check in batch-test mode before changing Status to Live. Coordinate source: https://mapcarta.com/17638582,Keep,Increase perfect-score radius so a clearly correct tap within the town is not penalised for missing the arbitrary centre point.
98,Tresco,Island,8,natural_remote,49.95506,-6.33379,1.5,Tresco is the second-largest inhabited island in the Isles of Scilly and is known for its subtropical Abbey Garden.,Live,Isles of Scilly,Tresco,,island; Isles of Scilly; Abbey Garden; natural feature,,Candidate island-centre pin. Tolerance reflects the island's physical size; check in batch-test mode before changing Status to Live. Coordinate source: https://mapcarta.com/17616668,Keep,
99,St Martin's,Island,9,natural_remote,49.963,-6.2859,1.5,"St Martin's is one of the inhabited Isles of Scilly, known for its long beaches and distinctive red-and-white daymark.",Live,Isles of Scilly,St Martin's,St Martins,island; Isles of Scilly; beaches; natural feature,,Candidate island-centre pin. Tolerance reflects the island's physical size; check in batch-test mode before changing Status to Live. Coordinate source: https://mapcarta.com/26937360,Keep,
100,Bishop Rock Lighthouse,Lighthouse,10,landmark_remote,49.87285,-6.44557,0.3,Bishop Rock Lighthouse stands on a tiny Atlantic rock southwest of the Isles of Scilly.,Live,Isles of Scilly,St Agnes,Bishop Rock,lighthouse; Isles of Scilly; offshore; landmark,,Candidate lighthouse pin. Check in batch-test mode before changing Status to Live. Coordinate source: https://www.trinityhouse.co.uk/notice-to-mariners/27/2024-bishop-rock-lighthouse,Keep / monitor,"Keep: genuinely hard geography, but recognisable and distinctive rather than pure trivia."
